PROFILEAREA,Value
Inner Melbourne,116545.59105347899
West Victoria,254957.8956053569
East & Northeast Victoria,205374.47855925307
Southeast Victoria,192803.83277535904
Northwest Victoria,94008.95199971834
